{"id":14,"value":-0.74907655}
{"id":65,"value":-0.6893639}
{"id":31,"value":-0.45613033}
{"id":48,"value":-0.44261453}
{"id":71,"value":-0.43870634}
{"id":91,"value":-0.4328656}
{"id":38,"value":-0.4042424}
{"id":73,"value":-0.36924}
{"id":44,"value":-0.33227897}
{"id":59,"value":-0.33155593}
{"id":45,"value":-0.33133614}
{"id":56,"value":-0.32992554}
{"id":27,"value":-0.32838336}
{"id":51,"value":-0.32132334}
{"id":46,"value":-0.29987583}
{"id":58,"value":-0.28262326}
{"id":18,"value":-0.2750897}
{"id":41,"value":-0.263388}
{"id":74,"value":-0.26181382}
{"id":15,"value":-0.2558087}
{"id":55,"value":-0.25344703}
{"id":90,"value":-0.22080791}
{"id":54,"value":-0.2200105}
{"id":30,"value":-0.20306394}
{"id":72,"value":-0.18746227}
{"id":75,"value":-0.18556744}
{"id":60,"value":-0.17445298}
{"id":22,"value":-0.16902514}
{"id":94,"value":-0.16088586}
{"id":53,"value":-0.14833632}
{"id":17,"value":-0.14053895}
{"id":81,"value":-0.13098152}
{"id":16,"value":-0.12447815}
{"id":76,"value":-0.11399719}
{"id":10,"value":-0.08831913}
{"id":95,"value":-0.08828356}
{"id":2,"value":-0.08717486}
{"id":80,"value":-0.08700135}
{"id":33,"value":-0.07404194}
{"id":87,"value":-0.06079873}
{"id":9,"value":-0.058203217}
{"id":93,"value":-0.05416401}
{"id":24,"value":-0.052045457}
{"id":3,"value":-0.047909714}
{"id":26,"value":-0.045406386}
{"id":96,"value":-0.022450363}
{"id":13,"value":-0.0084071895}
{"id":82,"value":-1.7227406E-4}
{"id":39,"value":0.008104075}
{"id":85,"value":0.013875776}
{"id":1,"value":0.022429785}
{"id":28,"value":0.04656461}
{"id":43,"value":0.051767357}
{"id":8,"value":0.05963829}
{"id":50,"value":0.061140466}
{"id":20,"value":0.0751062}
{"id":4,"value":0.07686835}
{"id":98,"value":0.08307917}
{"id":66,"value":0.08910497}
{"id":42,"value":0.091906704}
{"id":19,"value":0.09648044}
{"id":11,"value":0.09774647}
{"id":78,"value":0.09881476}
{"id":35,"value":0.10779671}
{"id":97,"value":0.10914468}
{"id":89,"value":0.11655978}
{"id":23,"value":0.11657452}
{"id":32,"value":0.1316551}
{"id":77,"value":0.13393612}
{"id":69,"value":0.149412}
{"id":84,"value":0.15234648}
{"id":6,"value":0.15769817}
{"id":25,"value":0.16978271}
{"id":12,"value":0.17482942}
{"id":5,"value":0.17692822}
{"id":99,"value":0.17925209}
{"id":64,"value":0.18492551}
{"id":83,"value":0.19480744}
{"id":68,"value":0.19535328}
{"id":63,"value":0.22984777}
{"id":52,"value":0.23175685}
{"id":62,"value":0.2333341}
{"id":49,"value":0.23358223}
{"id":29,"value":0.23575546}
{"id":47,"value":0.23743856}
{"id":79,"value":0.24387631}
{"id":88,"value":0.25663874}
{"id":34,"value":0.25859737}
{"id":36,"value":0.26116756}
{"id":40,"value":0.26640284}
{"id":37,"value":0.2728198}
{"id":92,"value":0.3454887}
{"id":61,"value":0.35564277}
{"id":7,"value":0.37342238}
{"id":100,"value":0.37855312}
{"id":86,"value":0.47436875}
{"id":70,"value":0.4922706}
{"id":57,"value":0.49280313}
{"id":21,"value":0.55082154}
{"id":67,"value":0.57832736}
