{"id":26,"value":-0.5977232}
{"id":35,"value":-0.5692117}
{"id":86,"value":-0.47352117}
{"id":56,"value":-0.4687421}
{"id":10,"value":-0.44231996}
{"id":38,"value":-0.43347174}
{"id":73,"value":-0.38713154}
{"id":66,"value":-0.36946952}
{"id":3,"value":-0.36367515}
{"id":55,"value":-0.3600421}
{"id":90,"value":-0.34098816}
{"id":67,"value":-0.33027357}
{"id":97,"value":-0.3222001}
{"id":83,"value":-0.29799312}
{"id":75,"value":-0.2841987}
{"id":81,"value":-0.27924135}
{"id":89,"value":-0.27887797}
{"id":87,"value":-0.26924986}
{"id":79,"value":-0.26918197}
{"id":98,"value":-0.26198217}
{"id":28,"value":-0.22118384}
{"id":94,"value":-0.21856855}
{"id":46,"value":-0.19760954}
{"id":54,"value":-0.18457577}
{"id":41,"value":-0.1830144}
{"id":63,"value":-0.15806615}
{"id":20,"value":-0.14992227}
{"id":12,"value":-0.14814547}
{"id":29,"value":-0.14715883}
{"id":43,"value":-0.14463454}
{"id":39,"value":-0.14044692}
{"id":17,"value":-0.13978684}
{"id":18,"value":-0.1364993}
{"id":58,"value":-0.13144748}
{"id":68,"value":-0.09009969}
{"id":88,"value":-0.072836876}
{"id":70,"value":-0.07169887}
{"id":9,"value":-0.071354024}
{"id":48,"value":-0.06779231}
{"id":84,"value":-0.0660532}
{"id":64,"value":-0.05742073}
{"id":14,"value":-0.046375103}
{"id":99,"value":-0.045536067}
{"id":71,"value":-0.03803694}
{"id":51,"value":-0.036857642}
{"id":95,"value":-0.033613246}
{"id":37,"value":-0.024978397}
{"id":77,"value":-0.021357484}
{"id":13,"value":-0.016418992}
{"id":76,"value":-0.012787943}
{"id":91,"value":-0.0059349593}
{"id":65,"value":0.0010320101}
{"id":2,"value":0.0061205304}
{"id":53,"value":0.017590681}
{"id":92,"value":0.018345255}
{"id":72,"value":0.024480695}
{"id":49,"value":0.03703815}
{"id":11,"value":0.045617886}
{"id":7,"value":0.051316533}
{"id":80,"value":0.06434664}
{"id":42,"value":0.07273747}
{"id":47,"value":0.07361642}
{"id":61,"value":0.0800151}
{"id":4,"value":0.08016783}
{"id":27,"value":0.08274094}
{"id":22,"value":0.10136192}
{"id":40,"value":0.10186108}
{"id":1,"value":0.10259593}
{"id":45,"value":0.10471867}
{"id":96,"value":0.10930915}
{"id":6,"value":0.12146435}
{"id":15,"value":0.14870554}
{"id":19,"value":0.1530113}
{"id":100,"value":0.15944694}
{"id":5,"value":0.16832834}
{"id":31,"value":0.18513785}
{"id":85,"value":0.19300656}
{"id":52,"value":0.22209576}
{"id":36,"value":0.22519827}
{"id":34,"value":0.23031634}
{"id":59,"value":0.2359362}
{"id":8,"value":0.2400816}
{"id":74,"value":0.2506574}
{"id":93,"value":0.25991264}
{"id":25,"value":0.27382}
{"id":57,"value":0.27841353}
{"id":62,"value":0.2919424}
{"id":30,"value":0.3110162}
{"id":44,"value":0.355531}
{"id":23,"value":0.35918042}
{"id":24,"value":0.3664861}
{"id":16,"value":0.38041154}
{"id":82,"value":0.39161992}
{"id":69,"value":0.40137303}
{"id":78,"value":0.41671377}
{"id":32,"value":0.42656505}
{"id":33,"value":0.47652003}
{"id":21,"value":0.48346302}
{"id":50,"value":0.55538553}
{"id":60,"value":0.56856}
