{"id":6,"value":-0.52388835}
{"id":50,"value":-0.5233386}
{"id":43,"value":-0.50455517}
{"id":34,"value":-0.4633827}
{"id":63,"value":-0.43901247}
{"id":65,"value":-0.4098884}
{"id":92,"value":-0.40608028}
{"id":30,"value":-0.37677634}
{"id":35,"value":-0.3581948}
{"id":28,"value":-0.3422431}
{"id":27,"value":-0.27985}
{"id":48,"value":-0.25494507}
{"id":41,"value":-0.24615924}
{"id":56,"value":-0.24254134}
{"id":91,"value":-0.24222365}
{"id":62,"value":-0.21247049}
{"id":9,"value":-0.20516197}
{"id":79,"value":-0.20170833}
{"id":3,"value":-0.20127337}
{"id":70,"value":-0.19930466}
{"id":67,"value":-0.18509221}
{"id":7,"value":-0.17895648}
{"id":26,"value":-0.17604353}
{"id":49,"value":-0.15694569}
{"id":18,"value":-0.15213773}
{"id":53,"value":-0.14782336}
{"id":84,"value":-0.14688565}
{"id":66,"value":-0.13475446}
{"id":13,"value":-0.1316715}
{"id":2,"value":-0.122342594}
{"id":90,"value":-0.1142536}
{"id":96,"value":-0.10830115}
{"id":76,"value":-0.09780707}
{"id":40,"value":-0.09230196}
{"id":51,"value":-0.080234975}
{"id":82,"value":-0.0763544}
{"id":55,"value":-0.075074255}
{"id":4,"value":-0.060669176}
{"id":89,"value":-0.05734822}
{"id":36,"value":-0.05436764}
{"id":75,"value":-0.053312622}
{"id":10,"value":-0.035186056}
{"id":5,"value":-0.032669954}
{"id":16,"value":-0.029843183}
{"id":87,"value":-0.01926514}
{"id":29,"value":-0.018760318}
{"id":68,"value":-0.018718133}
{"id":15,"value":0.01075197}
{"id":85,"value":0.03212365}
{"id":97,"value":0.037754152}
{"id":72,"value":0.038881045}
{"id":24,"value":0.042251214}
{"id":52,"value":0.046613812}
{"id":21,"value":0.048016608}
{"id":69,"value":0.04843344}
{"id":1,"value":0.048600893}
{"id":94,"value":0.050566304}
{"id":19,"value":0.051167473}
{"id":45,"value":0.06293793}
{"id":74,"value":0.063856155}
{"id":86,"value":0.064326376}
{"id":95,"value":0.06742631}
{"id":83,"value":0.09314679}
{"id":12,"value":0.095123425}
{"id":20,"value":0.108953886}
{"id":38,"value":0.1122644}
{"id":42,"value":0.12578233}
{"id":14,"value":0.12981336}
{"id":22,"value":0.13285443}
{"id":37,"value":0.1415413}
{"id":17,"value":0.14537656}
{"id":99,"value":0.15158145}
{"id":31,"value":0.15295807}
{"id":39,"value":0.1554016}
{"id":93,"value":0.15648302}
{"id":32,"value":0.15941495}
{"id":58,"value":0.1613033}
{"id":81,"value":0.16927099}
{"id":47,"value":0.16950773}
{"id":64,"value":0.17219377}
{"id":44,"value":0.1793543}
{"id":60,"value":0.19157815}
{"id":61,"value":0.19949229}
{"id":78,"value":0.20033744}
{"id":100,"value":0.20472865}
{"id":23,"value":0.21134984}
{"id":54,"value":0.22827187}
{"id":88,"value":0.22974935}
{"id":71,"value":0.22987515}
{"id":11,"value":0.26697934}
{"id":80,"value":0.2788178}
{"id":8,"value":0.28109065}
{"id":33,"value":0.283662}
{"id":46,"value":0.30347893}
{"id":73,"value":0.3570441}
{"id":98,"value":0.39897177}
{"id":57,"value":0.4226022}
{"id":59,"value":0.4734846}
{"id":77,"value":0.48702192}
{"id":25,"value":0.6138802}
